Title,Authors,Publication Date,Publisher,isbn,Languages,Waiting Peoples
The ebola virus,"Hirschmann, Kris, 1967-",2007,"Detroit, MI : Lucent Books/Thomson Gale",187293850420,English,1036
isbn_9781477262788,printdisabled,empty,empty,334878534552,English,2485
Housebreak any dog : the permanent three-step method,"Carr, Audrey, 1952-",1997,"Lincolnwood, Ill. : Contemporary Books",534890211948,English,2512
A Kite in a Hurricane No More,Mia Giordano,"Nov 10, 2020",Pacific Research Institute,782065162143,English,950
