Title,Authors,Date,Publisher,isbn,Language,Waiting Peoples
The Rising Sons,Ian Huen,2022,World Scientific Publishing Company,9811240639,french,1
近代中國婦女運動史,鲍家麟,2000,empty,9789575911683,italian,1
X-engineering the Corporation,James Champy,2002,Business Plus,0446528005,english,1
"Un milione di follower. Come raggiungerli in 30 giorni. I segreti degli esperti per diffondere un business, un messaggio, un brand",Brendan Kane,2021,empty,9788850335855,english,1
刘一帆,刘一帆,2019,empty,9787521709346,english,1
La disparition de Carolina Blake ,Sébastien Theveny,2022,empty,9798841825401,english,1
十解日本料理,高橋拓児,2014,empty,9789865680107,english,1
"Bić się, czy nie bić?",Tomasz Łubieński,1997,empty,8371294247,french,1
世外,袁璐,2020,empty,9787567138261,chinese,1
古今食事,高阳,2006,empty,9787508038513,english,1
地方故事与国家历史,陈春声,2021,empty,9787108069238,English,1
Le risposte della fisica 4,Le Monnier,2020,empty,9788800360319,English,1
Australia According To Hoges,Paul Hogan,2022,HarperCollins Australia,9781460715055,English,1
狂歡之聲與冷酷之眼,石曉楓,2012,empty,9789866178498,English,1
行走的歷史,張景蘭,2008,秀威出版,9789862210390,English,1
亲爱的食物,森下典子 (女),2016,empty,9787541142833,English,1
巴菲特選股神功,洪瑞泰,2017,empty,9789869404761,English,1
Nun of Murano,Giacomo Casanova,2016,empty,9780241252246,English,1
"Of Mistresses, Tigresses and Other Conquests",Giacomo Casanova,2007,Penguin Classics,9780141032795,English,1
紅太陽與黃土地,劉文淑,2020,empty,9789867522795,English,1
Bound by Bloodsong (Kennedy Rain book 2),Sandy Williams,2022,empty,9798353647560,English,1
Angular Http Jumpstart,Angular University,2017,empty,9781974530007,English,1
House of Memory,Resil B. Mojares,1997,Anvil Books,9789712706097,English,1
Angular Router Jumpstart,Angular University,2017,Createspace Independent Publishing Platform,9781548657369,English,1
Harry Potter: The Blueprints,"Insight Editions, Jody Revenson",2022,Simon and Schuster,9781647226619,English,1
Notes to Each Other,"Hugh Prather, Gayle Prather",1991,Bantam,9780553352825,English,1
Let's Talk About Sex,Ann-Marlene Henning,2020,Greystone Books Ltd,9781771644297,English,1
Swan and Bat,Higashino Keigo,2021,empty,9784344037731,English,1
Der Sturm,Sebastian Junger,2008,empty,9783492403191,English,1
Gesund ohne Pillen - was kann die Alternativmedizin?,"Simon Singh, Edzard Ernst",2009,empty,9783446245549,English,1
State of the Shock,Marie Force,2022,empty,9781958035092,English,1
Ponniyin Selvan comics 2,M Karthikeyan (illustrator),2018,empty,3893939838,English,1
Spectrum Science and Technology,Kalpana Rajaram,2022,empty,8179306968,English,1
The Truth of Different Skies,Kate Ling,2009,Hachette UK,9781510200210,English,1
Stirnradverzahnung,"Heinz Linke, Jörg Börner",2014,empty,9783446470361,English,1
The lady is a vamp,Ericka Scott,2014,empty,9781310890923,English,1
Carte blanche à Olivier Py,gaëlle maidon,2007,empty,9782842606633,English,1
有人将至,Jon Fosse,2019,empty,9787532767663,English,1
Discours du nouveau directeur de l'Odéon,Olivier Py,2018,Actes Sud,9782742771417,English,1
150 Restaurants You Need to Visit Before You Die,Amelie VINCENT,2022,Lannoo Publishers,9789401454421,English,1
150 Bars You Have to Visit Before You Die,Jurgen Lijcops,2022,Lannoo Publishers,9789401449120,English,1
樂高：小積木立大功，用玩具堆出財富帝國的秘訣,蛯谷敏,2022,empty,9786267118443,English,1
Plasma at the Nanoscale,"Huaihe Song, Tuan Anh Nguyen, Abdeltif Amrane, Aymen Amine Assadi, Ghulam Yasin",2021,Elsevier,9780323903677,English,1
Heartless,Christy Reece,2018,empty,9781733725774,English,1
The Island Where Nirvana Flowers Bloom,Li Kotomi,2022,empty,9784163913902,English,1
Principles of Hormone/Behavior Relations,"Donald W Pfaff, Robert T Rubin, Jill E. Schneider, Geoff Head",2022,Academic Press,9780128026670,English,1
ブラックボックス,砂川文次,2020,empty,9784065273654,English,1
おいしいごはんが食べられますように,高瀬隼子,2020,empty,9784065274095,English,1
Philosophie,"Pascal Cauquais, Jean-Luc Bouyeure",2006,empty,9782340039629,English,1
破框能力,艾米妮亞．伊貝拉,2011,今周刊出版,9789579054614,English,1
Les 33 questions auxquelles ils n'ont toujours pas répondu,Christian Perronne,2022,empty,9782226474438,french,1
The Damp and the Dry,Jonathan Littell,2023,empty,9781682193914,chinese,1
Listen to Your Vegetables,"Sarah Grueneberg, Kate Heddings",2022,Harvest Publications,0358647118,japanese,1
Borough Market: the Knowledge,"Clare Finney, Angela Clutton",2022,empty,1399700626,english,1
Philosophie Terminale Voie générale Voie technologique,Le Robert,2020,empty,9782321015437,korean,1
"Storia della filosofia greca, medioevale, moderna",Luciano De Crescenzo,2017,Oscar bestsellers,9788804680055,chinese,1
Discours du nouveau directeur de l'Odéon,Olivier Py,2007,Actes Sud,2742771417,English,1
Je démarre la philo !,Catherine Lallemand,2015,Ellipses Marketing,9782340007925,English,1
The Cambridge Companion to the New Testament,Patrick Gray,2021,Cambridge University Press,9781108423588,English,1
The Cambridge Companion to American Catholicism,"Margaret M. McGuinness, Thomas F. Rzeznik",2021,Cambridge University Press,9781108472654,English,1
The Cambridge Companion to the Gospels,"Stephen C. Barton, Todd Brewer",2021,Cambridge University Press,9781108471954,English,1
The Cambridge Companion to Vatican II,Richard R. Gaillardetz,2020,Cambridge University Press,9781108483568,English,1
The Cambridge Companion to Christianity and the Environment,"Alexander J. B. Hampton, Douglas Hedley",2022,Cambridge University Press,9781108495011,English,1
The Cambridge Companion to the Council of Trent,Nelson H. Minnich,2022,Cambridge University Press,9781108491976,English,1
激情耗尽,[英] 薇塔·萨克维尔-韦斯特,2022,empty,9787559852557,English,1
星を掬う,町田そのこ,2021,empty,9784120054730,English,1
Philosophie,Jacqueline Russ,1997,empty,2200015550,English,1
わが家は祇園の拝み屋さん２,望月 麻衣,2022,empty,9784041038284,English,1
"A Mountain to the North, a Lake to the South, Paths to the West, a River to the East",László Krasznahorkai,2011,New Directions Publishing Corporation,9780811234474,English,1
"里尔克, 现代主义与诗歌传统",Judith Ryan,2022,empty,9787208102323,English,1
Lightfall: Shadow of the Bird,Tim Probert,2022,HarperAlley,9780062990488,English,1
Phoenix Flight (Skyborn #3),Jessica Khoury,2020,Scholastic Press,9781338652468,English,1
"The Cambridge Companion to Augustine's ""Confessions""",Tarmo Toom,2002,Cambridge University Press,9781108449816,English,1
The Mosque,"Martin Frishman, Hasan-Uddin Khan, Mohammad Al-Asad",2021,empty,0500283451,English,1
The Cambridge Companion to the Council of Nicaea,Young Richard Kim,2022,Cambridge University Press,9781108427746,English,1
Faith and Reason Through Christian History,Grant Kaplan,1998,CUA Press,9780813235837,English,1
The Language of Landscape,Anne Whiston Spirn,2007,Yale University Press,9780300082944,English,1
The New Encyclopaedia Britannica,"Philip W. Goetz, Robert McHenry, Dale Hoiberg",2017,empty,1593392923,English,1
"Storia segreta del papato. Sangue, potere e denaro: dalle crociate fino ai recenti scandali finanziari",Leandro Sperduti,2022,empty,8822706803,English,1
天使は炭酸しか飲まない2,丸深まろやか,2015,empty,9784049143447,English,1
Carlo V,Guido Gerosa,2011,Edizioni Mondadori,8852062823,English,1
民谣吉他考级标准教程,王鹰 / 马鸿,2015,empty,9787540754181,English,1
서울대 한국어. 4A(Student's Book)(CD1장포함),서울대학교언어교육원,2019,empty,9788953934344,English,1
경희한국어 초급2 듣고 말하기,현나래 권수현 김영은 배문기 유수정 유해헌 서진숙 홍윤기,2018,empty,9788982226,English,1
Il disperato,Léon Bloy,2019,Itineranze,8832822229,English,1
Kua wen hua mei shu shi nian jian,李军,2019,empty,9787533075859,English,1
Python项目开发案例集锦,明日科技,2022,empty,9787569244403,English,1
群星的法则,Jo Dunkley,2022,empty,9787556709632,English,1
哲学家们都干了些什么,林欣浩,1986,empty,9787547742181,English,1
Traité d'ébénisterie,Lucien Chanson,2019,empty,2851010069,English,1
Guardians of Magic,Chris Riddell,2018,Macmillan Children's Books,9781447277972,English,1
The Advent of the Lamb of God,Russ Ramsey,2022,IVP Books,0830843981,English,1
Spiritchild,Danielle Lauren,2022,empty,9781739741006,English,1
How to Know Everything,Elke Wiss,2022,National Geographic Books,9781787467682,English,1
The Treekeepers,Kieran Larwood,2003,Faber & Faber,9780571364589,English,1
大众天文学,弗拉马里翁,2022,empty,9787563337910,English,1
A Girl Called Corpse: an Elston-Fright Tale,Reece Carter,2022,empty,9781761066788,English,1
The Whisperling,Hayley Hoskins,1999,Puffin,9780241514504,English,1
There Once Was a World,Yaffa Eliach,2023,Back Bay Books,0316232394,English,1
Principles of Economics,N. Gregory Mankiw,2015,Cengage Learning,035772271X,English,1
"Alex Neptune, Dragon Thief",David Owen,2022,empty,9781474999236,english,1
The ebola virus,"Hirschmann, Kris, 1967-",2007,"Detroit, MI : Lucent Books/Thomson Gale",238452550329,English,1850
"Alex Neptune, Dragon Thief",David Owen,2022,empty,9781474999236,english,1
The Tower at the End of Time,Amy Sparkes,2022,empty,9781406395327,english,1
Yesterday Crumb and the Storm in a Teacup,Andy Sagar,2022,Orion Children's Books,9781510109483,portuguese,1
Runway Riot (House Of Bolton book 4),MJ Green,2022,empty,9798215405550,english,1
Love on the brain,Ali Hazelwood,2022,empty,9780593336,chinese,1
Wilder Than Midnight,Cerrie Burnell,2022,Puffin,9780241457160,chinese,1
The Horror of Police,Travis Linnemann,2022,empty,9781517905927,English,1
There Once was a World,Yaffa Eliach,1998,Back Bay Books,9780316232524,English,1
Hollow City: The Graphic Novel,Ransom Riggs,2016,Yen Press,9780316306799,English,1
Gödel's Theorem: a Very Short Introduction,A. W. Moore,2022,"Oxford University Press, USA",9780192847850,English,1
Kingdom of Color (Disney Tangled),Melissa Lagonegro,2010,RH/Disney,9780736426879,English,1
All About the Trolls (DreamWorks Trolls),Kristen L. Depken,2016,Random House Books for Young Readers,9780399559037,English,1
Spirits of Nature (Disney Frozen 2),Natasha Bouchard,2019,National Geographic Books,9780736440288,English,1
Just Try One Bite,"Adam Mansbach, Camila Alves McConaughey",2022,Penguin,9780593324141,English,1
The Crayons Trick or Treat,Drew Daywalt,2022,National Geographic Books,9780593621028,English,1
永远少女心,JoyceLo酱,2019,empty,9787115498632,English,1
Elon Musk: This Book Is about Rockets,Evan Loomis,2017,Mascot Books,9781684013630,English,1
Encyclopedia of Animals,Nothing,2012,Parragon Books,9781445484693,English,1
"Birds, Bees and Blossoms",Harriet de Winton,2021,Ilex Press,1781578322,English,1
New Perspectives on Moral Change,"Cecilie Eriksen, Nora Hämäläinen",2022,Berghahn Books,9781800735989,English,1
Ritual,"Robbie Davis-Floyd, Charles D. Laughlin",2022,Berghahn Books,9781800735293,English,1
Engaging Evil,"William C. Olsen, Thomas J. Csordas",2019,Berghahn Books,9781789202144,English,1
Let your love flow again,Janith hooper,1992,empty,9781669683889,English,1
A Life of Her Own,"Emilie Carles, Robert Destanque",1984,Penguin Books,9780140169652,English,1
Ross Macdonald,Matthew Joseph Bruccoli,2022,Harvest Books,0156790823,English,1
Where is the Good in the World?,"David Henig, Anna Strhan, Joel Robbins",1981,Berghahn Books,9781800735521,English,1
"Self-portrait, Ceaselessly Into the Past",Ross Macdonald,1973,empty,0884961699,English,1
On Crime Writing,Ross Macdonald,2022,empty,0912264667,English,1
A través de la lluvia / Through the Rain,Ariana Godoy,2012,National Geographic Books,9781644735954,English,1
Chernyshevskii's What Is to Be Done,Andrew Drozd,2022,Srlt,9780810128521,English,1
Os condenados da terra,Frantz Fanon,2020,empty,9786559790845,English,1
Shadows of Creation (Creation Chronicles #1),Ryan D. Meier,2017,empty,9781734994209,English,1
Applied Behavior Analysis Advanced Guidebook,James K. Luiselli,2020,Academic Press,9780128111222,English,1
The Child of Chaos,Glen Dahlgren,2001,empty,9798656283892,English,1
Valores en evaluación e investigación social,"Ernest R. House, Kenneth R. Howe",2000,Ediciones Morata,9788471124555,English,1
"Evaluación, ética y poder",Ernest R. House,2019,Ediciones Morata,9788471123893,English,1
SAS Certified Specialist Prep Guide: Base Programming Using SAS 9.4,Sas Institute,2014,SAS Institute,1642951900,English,1
Dowse Your Way to Psychic Power,Anthony Talmage,1982,CreateSpace,9781497590106,English,1
斗數人子須知,勸學齋主,2020,empty,9789868004160,English,1
Politics of US Labor,David Milton,2022,NYU Press,9780853455707,English,1
Fearless Accurate Dowsing Second Edition,Colleen M Flanagan,2021,Independently Published,1522079637,English,1
The Empire's Lion,Nathan Tudor,2011,Imperial Adept,9781957611006,English,1
Adept Initiate,Nathan Tudor,2007,empty,9781957611013,English,1
3096 天,Natascha Kampusch,2007,empty,9789861206523,English,1
Gemini,"Annabelle Starr, Rachel Rimmer",2020,Egmont Books (UK),9781405232449,English,1
Fusion,"Annabelle Starr, Rachel Rimmer",2015,Egmont Books (UK),9781405232432,English,1
The Unwritten Rules of Women's Leadership,HELEN. APPLEBY,2021,Rethink Press,9781781334584,English,1
The Singularity and Socialism,C. James Townsend,2000,Createspace Independent Publishing Platform,9781503034730,English,1
Deep Wheel Orcadia,Harry Josephine Giles,2015,Picador,9781529066609,English,1
Bless Your Children Every Day,Mary Ruth Swope,2012,Bates-Swope Enterprises,0960693653,English,1
isbn_9781477262788,printdisabled,empty,empty,260941939832,English,1065
The Power of Blessing Your Children,Mary Ruth Swope,2009,empty,1603741259,chinese,1
Housebreak any dog : the permanent three-step method,"Carr, Audrey, 1952-",1997,"Lincolnwood, Ill. : Contemporary Books",367195936589,English,974
The ebola virus,"Hirschmann, Kris, 1967-",2007,"Detroit, MI : Lucent Books/Thomson Gale",301630121720,English,768
The Power of Blessing Your Children,Mary Ruth Swope,2009,empty,1603741259,chinese,1
现代电动力学,王振林,2022,empty,9787040586213,chinese,1
迷宮,中村文則,2015,empty,9784101289557,english,1
The Color of Earth,Dong Hwa Kim,2009,Macmillan,9781596434585,english,1
Value,Stephen Bayley,2021,Constable,9781472134912,korean,1
И.В. 普罗斯库烈柯夫线性代数习题集解答,戈衍三,2018,empty,9787568260398,italian,1
Mito y revuelta. Fisonomía del escritor reaccionario,Ernesto Hernández Busto,2022,empty,9788418895562,chinese,1
Retribution,Richard verry,2022,empty,9798358147881,french,1
Conundrum,Anuj Dhar,2019,empty,9386473577,french,1
경제학연습: 미시편(9판),정병열,2022,empty,9791159733024,english,1
경제학연습: 거시편(9판),정병열,2022,empty,9791159733031,french,1
Autodesk Revit 2022: Fundamentals for MEP - Part 2 (Imperial Units): Autodesk Authorized Publisher,Ascent - Center for Technical Knowledge,2021,"Ascent, Center for Technical Knowledge",1956032207,french,1
Autodesk Revit 2022: Fundamentals for MEP (Imperial Units) - Part 1,ASCENT - Center for Technical Knowledge,2021,"Ascent, Center for Technical Knowledge",1956032142,english,1
Scene of the Crime,Patrick Modiano,2023,Yale University Press,9780300265934,portuguese,1
Autodesk Revit 2022 BIM Management: Template and Family Creation,ASCENT - Center for Technical Knowledge,2021,empty,1956032274,portuguese,1
Fatti i piatti tuoi. Come orientarci su falsi miti su alimentazione e forma corporea per prenderci cura della nostra salute,Edoardo Mocini,2022,empty,8817161497,English,1
Community-In-a-Box,Mark Birch,2020,Mark Birch,9781735757612,English,1
The Elements of Reincarnation,A. T. Mann,1995,empty,9781852306960,English,1
The Elements of Reincarnation,A. T. Mann,1995,empty,1852306963,English,1
解析数论入门教程,保罗·贝特曼,2022,empty,9787560369143,English,1
高绩效团队,栾达,2012,empty,9787302589792,English,1
Goddesses of Fury,Saurav Ranjan Datta,2011,The Little Booktique Hub,9789393209191,English,1
Analysis of Financial Statements,"Pamela Peterson Drake, Frank J. Fabozzi",1976,John Wiley & Sons,9781118331910,English,1
Shane Warne's Century,Shane Warne,2012,Random House,9781845969530,English,1
Psalm 118 in the Gospel of John,Andrew C. Brunson,2022,empty,9783161479908,English,1
Analysis of Financial Statements,"Pamela Peterson Drake, Frank J. Fabozzi",2022,John Wiley & Sons,9781118299982,English,1
The Book of Dog,Hemali Sodhi,2022,empty,9354893562,English,1
The Introspection in Indian Architecture (Sthapatya Yoga),Dakshinamoorthy.PhD,2020,empty,9789355301949,English,1
Uttara Gita,Lúcia Helena Galvão,2021,Editora Pensamento,9788531522468,English,1
日常生活美學,斋藤百合子,2021,empty,9789577639653,English,1
Domaine d’activité 3 - Collaboration à la gestion des ressources humaines - BTS 1e & 2e année,NATHAN,2009,empty,3133091695279,English,1
Domaine d’activité 1 - Optimisation des processus administratifs - BTS 1e & 2e année,NATHAN,2019,empty,3133091695255,English,1
The Encyclopedia of Immaturity,"Klutz, Inc",2007,empty,9781591746898,English,1
Speak Life,Katherine Ruonala,2015,empty,0648556808,English,1
The Encyclopedia of Immaturity,"Klutz, Inc",2009,empty,9781591744276,English,1
The Value of Homelessness,Craig Willse,2009,empty,9780816693481,English,1
From Rome to Jerusalem,Douglas G. Hanscomb,2018,Ideas Into Books Westview,193527127X,English,1
Media Studies,"Sue Thornham, Caroline Bassett, Paul Marris",2011,empty,9781474473231,English,1
Russian-English Bilingual Visual Dictionary,DK,2008,National Geographic Books,1465469176,English,1
Virtue and Politics,"Paul Blackledge, Kelvin Knight",2021,empty,0268022259,English,1
Revolutionary Aristotelianism,Alex Bavister-Gould,2022,Lucius & Lucius DE,3828204422,English,1
Gestion de projet BTS SAM 1re et 2e années,NATHAN,2013,Nathan Technique,9782091672946,English,1
"Culture économique, juridique et managériale (CEJM) 1re année BTS (2022) - Pochette élève",DELAGRAVE,2004,empty,9782206310268,English,1
Donald Davidson,Maria Baghramian,2020,empty,9780415721929,English,1
"Perry Anderson, Marxism and the New Left",Paul Blackledge,2018,Merlin Press,0850365325,English,1
The Big Book of Blooms,"Yuval Zommer, Elisa Biondi",2021,National Geographic Books,9780500651995,English,1
The Big Book of the Blue,Yuval Zommer,2021,National Geographic Books,9780500651193,English,1
Communism and the conscience of the west,Fulton sheen,2002,empty,1685950000,English,1
Separados de Fresco - Dicas Infalíveis Para uma Relação Falhada,"Ana Garcia Martins, David Cristina",2001,empty,9789896663346,English,1
Marketing Digital de A a Z,Vasco Marques,2019,empty,9789895495870,English,1
A Kite in a Hurricane No More,Mia Giordano,"Nov 10, 2020",Pacific Research Institute,897664700715,English,2160
The Gilded Cage on the Bosphorus,Ayşe Osmanoğlu,2020,Ayşe Osmanoğlu,9781916361416,english,1
isbn_9781477262788,printdisabled,empty,empty,124515616594,English,2384
When My Season Comes,"Miller, Michael B. Sr",2013,Xlibris Corporation,897481150176,English,212
Housebreak any dog : the permanent three-step method,"Carr, Audrey, 1952-",1997,"Lincolnwood, Ill. : Contemporary Books",908721223159,English,594
The ebola virus,"Hirschmann, Kris, 1967-",2007,"Detroit, MI : Lucent Books/Thomson Gale",246644053019,English,1150
Haunting muses,American poetry -- 20th century,2016,"Fairfield, California : GusGus Press, Bedazzled Ink Publishing Company",171838017088,English,361
A Kite in a Hurricane No More,Mia Giordano,"Nov 10, 2020",Pacific Research Institute,623771730508,English,46
isbn_9781477262788,printdisabled,empty,empty,338763670821,English,1792
Marketing Digital de A a Z,Vasco Marques,2020,empty,9789895495870,portuguese,1
The Gilded Cage on the Bosphorus,Ayşe Osmanoğlu,2020,Ayşe Osmanoğlu,9781916361416,english,1
A Child Is Born,"Lennart Nilsson, Linda Forsell",2018,National Geographic Books,0593157966,spanish,1
Valentina,S. E. Lynes,2018,empty,1786817039,English,1
The Pact: A Gripping Psychological Thriller with Heartstopping Suspense,S. E. Lynes,2018,Bookouture,178681353X,English,1
The Proposal: An Unputdownable Psychological Thriller,S. E. Lynes,2017,Bookouture,1786815176,English,1
Mother,S. E. Lynes,2021,Bookouture,1786812215,English,1
The Betrayal of the Powerless,Frederick Aprim,2021,empty,9781664157958,English,1
The Betrayal of the Powerless,Frederick Aprim,2013,empty,1664157956,English,1
First World War,Henry Brook,2006,History of Britain,9781409570240,English,1
Adolf Hitler,Katie Daynes,2020,Usborne Books,9780746068168,English,1
台灣島史記,蔡正元,2017,empty,9789888675173,English,1
"Triple Exclam!!! the Life and Games of Emory Tate, Chess Warrior","Maurice Ashley, Yasser Seirawan, Daaim Shabazz",2022,"Chess Drum, LLC",0998118093,English,1
Galatians,R. C. Sproul,2017,empty,1642894249,English,1
Motion Graphics - 100 Design Projects You Can't Miss,Wang Shaoqiang,2001,empty,8416851298,English,1
Aliens,"Andrew J. H. Clark, David H. Clark",2017,Fromm International,0880642580,English,1
Transplants,Antonio Bond,2005,National Geographic Books,1944515534,English,1
The Graphic Works of Odilon Redon,Odilon Redon,2017,Courier Corporation,048644659X,English,1
Colorama. Il mio campionario cromatico,Cruschiform,2020,empty,8867223003,English,1
Se regalan dudas,"Lety Sahagún, Ashley Frangie",2022,GRIJALBO,9786073196888,English,1
Signs. Grafica Italiana Contemporanea. 25 protagonisti del design della comunicazione. Ediz. italiana e inglese,Francesco Dondina,2023,Silvana Editoriale,8836651062,English,1
Introduction to Graphic Design,Aaris Sherin,2022,Bloomsbury Visual Arts,1350232235,English,1
Childhood,Shannon Burns,2016,Text Publishing,9781922330789,English,1
Skills in Person-Centred Counselling and Psychotherapy,"Janet Tolan, Rose Cameron",2022,Skills in Counselling & Psychotherapy Series,9781473926585,English,1
Darling,India Knight,2022,National Geographic Books,1905490852,English,1
Utopia,Heidi Sopinka,2022,Penguin,9780735243866,English,1
むっちむちな女の子の描き方,"ポストメディア編集部・編, 前田絵莉香",2022,empty,9784758017749,English,1
Christmas in the Little Irish Village,Michelle Vernal,2020,empty,9781803148458,English,1
ingeniería de Costos de Manufactura para todos los niveles,Gilberto,1992,empty,9788418411168,English,1
Think and Grow Rich: A Black Choice,"Dennis Kimbro, Napoleon Hill",2016,National Geographic Books,9780449219980,English,1
Roads to Regionalism,"Tanja A. Borzel, Lukas Goltermann, Kai Striebinger",2015,Routledge,1138279005,English,1
Love in Vain,Roland Link,2022,empty,0957171730,English,1
Hazel Hill is Gonna Win this One,Maggie Horne,2021,Firefly Press,9781913102982,English,1
Mes savons faits maison,Sophie Ortiz,2016,empty,9791032305331,English,1
Structure of Medicine: Chemistry and Biology of Sulfonylureas,"Vasudeva Rao Avupati, Surya Devarakonda",2022,empty,9783659964145,English,1
Backfire,Agathe Demarais,2005,empty,0231199902,English,1
Cuando 2 No Son Suficiente/when 2 Are Not Sufficient,Lucy Serrano,2018,Norma Ediciones S A,9700908089,English,1
A Collar for Cerberus,Matt Stanley,2016,empty,9781786080622,English,1
As Tears Go by,Rosie Christie,2019,empty,9780995260702,English,1
The Islanders,Meg Mitchell Moore,2020,William Morrow,9780062840066,English,1
ANDREW CARNEGIE'S MENTAL DYNAMITE.,NAPOLEON. HILL,2020,empty,145494224X,English,1
Sharp as a Serpent's Tooth,Mandy Haynes,2021,empty,9781733467513,English,1
Suitcase of Memory,,2019,empty,9780795709913,English,1
The PCOS Diet,Jane Kennedy,2021,empty,9781708460853,English,1
Seen,"Will Hutcherson, Chinwé Williams",2021,empty,9781635701043,English,1
Welcome to Kamini,Don Engebretson,2022,Guernica World Editions,9781771836609,English,1
Regionalism in Africa and External Partners,Johannes Muntschick,2015,Palgrave Macmillan,9783031107016,English,1
Seeking Shalom,Philip A. Cunningham,2010,Wm. B. Eerdmans Publishing,9780802872098,English,1
Championship Gymnastics,Gerald S. George,2022,empty,9780964195295,English,1
four demon queens: a grimoire,s. connolly,2004,empty,9798358343214,English,1
isbn_9781530581016,printdisabled,empty,empty,576640971706,English,2718
When My Season Comes,"Miller, Michael B. Sr",2013,Xlibris Corporation,820373550667,English,1812
four demon queens: a grimoire,s. connolly,2022,empty,9798358342002,english,1
أخلاق الإسلامية ونسق الائتمانية,"Mohammed Hashas, Mutaz Khatib",2020,Studies in Islamic Ethics,900443836X,english,1
"My Mother, Munchausen's and Me",Helen Naylor,2021,empty,9781800197992,chinese,1
世道人心,关山远,2021,empty,9787543589018,english,1
A Seed in the Sun,Aida Salazar,2022,National Geographic Books,0593406605,spanish,1
语素导论,戴维·恩比克,2021,empty,9787100207003,chinese,1
Sisters of the Sweetwater Fury,Kinley Bryan,2013,Blue Mug Press,9781737915218,chinese,1
The Life of Muhammad,Rizwi Faizer,2018,empty,9780415864855,spanish,1
测度与概率教程,任佳刚,2015,empty,9787030598714,spanish,1
Etes-vous votre pire ennemi ?,Ana Sandrea,2005,empty,9782851577641,English,1
Positive Energy,Judith Orloff,2022,National Geographic Books,9781400082162,English,1
Shape of Love - Mit jeder meiner Fasern (Love-Trilogie - Band 1),Marina Neumeier,2019,empty,9783743214927,English,1
The Return to Study Handbook,Chloe Burroughs,2019,Kogan Page Publishers,9780749496913,English,1
Time Management Ninja,Craig Jarrow,2012,Mango,9781633538917,English,1
L'espion du président,"Olivia Recasens, Didier Hassoux, Christophe Labbé",2022,Robert Laffont,2221129830,English,1
Lady Gaga: Applause,ANNIE. ZALESKI,2020,empty,9781786750525,English,1
Wenn die Dunkelheit endet,Constance Sayers,2022,empty,9783453320857,English,1
Insects Reference Book,Kale James,2019,empty,1925968979,English,1
Ritiro sociale. Psicologia e clinica,"Michele Procacci, Antonio Semerari",2021,empty,9788859019121,English,1
The Handover,David M. Barnett,2020,Trapeze,1409185249,English,1
Skulls and Skeletons,Kale James,2017,Vault Editions Limited,1925968448,English,1
Mad Skills Exercise Encyclopedia (2nd Edition),Ben Musholt,2019,Createspace Independent Publishing Platform,9781977641557,English,1
Psicoterapia cognitiva neuropsicologica,Davide Liccione,2022,empty,9788833932279,English,1
His scarred beauty,Suzangill,2000,empty,9988766544,English,1
Casi Amor,Chiara Citterio,2019,empty,9789874854506,English,1
Les secrets de l'exode,"Messod Sabbah, Roger Sabbah",2005,Jean-Cyrille Godefroy Editions,2865531406,English,1
Sostiene Pereira. Una testimonianza,"Pierre-Henry Gormont, Antonio Tabucchi",2006,empty,9788807550232,English,1
金瓶梅鉴赏辞典,孙逊 主编,2020,empty,9787543211216,English,1
Photoguide for the Forest Trees of Ghana,William Hawthorne,2022,empty,0850741645,English,1
Forensics,"Harry A Milman, PhD",2022,empty,9781664136229,English,1
Theoretical Physics in Your Face: Selected Correspondence of Sidney Coleman,"Aaron Sidney Wright, Diana Coleman, David Kaiser",2020,World Scientific Publishing Company,9811202044,English,1
Theoretical Physics in Your Face: Selected Correspondence of Sidney Coleman,"Aaron Sidney Wright, Diana Coleman, David Kaiser",2021,World Scientific Publishing Company,9789811202049,English,1
The Beauty Defense,Laura James,2011,True Crime History,9781606353943,English,1
De la crisis de fe a la descomposición de España,Gabriel Calvo Zarraute,2020,empty,8418162880,English,1
白话资治通鉴,黄锦鋐,2022,empty,9787510413223,English,1
100 Gotas de Pensamento,Danilo H. Gomes,2022,empty,9798563940062,English,1
The Politicalization of Trans Identity,Loren Cannon,2022,Lexington Books,9781793623812,English,1
Truly Wanted,J J Hale,2000,empty,1636793339,English,1
Can't Resist Her,Kianna Alexander,2022,Montlake Romance,9781542034098,English,1
街心花园,杜拉斯,2009,empty,9787531321835,English,1
A Kingdom Restored,Deborah White,2022,empty,192263624X,English,1
Burnt Out,Clare Curzon,2003,empty,9780749007119,English,1
Sin etiquetas ,Chelo Garcia Cortes,2014,empty,9788401028847,English,1
The Grounds of Ethical Judgement,Christian Illies,2022,Clarendon Press,0198238320,English,1
Philosophy of Architecture,"Christian Illies, Nicholas Ray, ",2022,Cambridge Architectural Press,0993053009,English,1
Sin etiquetas ,Chelo Garcia Cortes,2018,empty,8401028841,English,1
Sunday Best,John Carey,1994,Yale University Press,0300266685,English,1
The Devil's Dreamland,Sara Tantlinger,2019,StrangeHouse Books,1946335274,English,1
Naked Consumer,Erik Larson,2000,Penguin Books,9780140233032,English,1
Oath of the Outcast,C. M. Banschbach,2002,empty,9780990555582,English,1
